{"train_loss_nH":1.288106083869934,"_step":56,"test_loss_mult":2.0063672065734863,"val_loss":3.1719231605529785,"test_loss":3.1719231605529785,"_timestamp":1.7516500039690292e+09,"train_loss_mult":2.0352015495300293,"val_loss_width":0.001362943439744413,"_wandb":{"runtime":10},"test_loss_width":0.001362943439744413,"val_loss_centroid":0.06466206163167953,"test_loss_nH":1.0995309352874756,"trainer/global_step":300,"train_loss":3.490373373031616,"train_loss_centroid":0.15260615944862366,"_runtime":10.046555242,"test_loss_centroid":0.06466207653284073,"val_loss_mult":2.0063674449920654,"train_loss_width":0.014459569938480854,"epoch":50,"val_loss_nH":1.0995310544967651}