{"test_loss":7.164082050323486,"train_loss_width":0.04762053117156029,"train_loss_centroid":2.699507474899292,"test_loss_centroid":1.0875635147094727,"test_loss_nH":3.9099743366241455,"epoch":50,"val_loss_width":0.003908307291567326,"test_loss_width":0.003908306825906038,"val_loss_mult":2.162635326385498,"val_loss_centroid":1.0875637531280518,"_wandb":{"runtime":10},"train_loss_mult":2.123380661010742,"train_loss_nH":2.230102300643921,"val_loss_nH":3.9099745750427246,"_runtime":10.054134152,"_timestamp":1.751649549914245e+09,"val_loss":7.16408109664917,"_step":56,"trainer/global_step":300,"test_loss_mult":2.162635087966919,"train_loss":7.100610733032227}